_H:,|Obj,#PctErr
_D:,0,0
_D:,1,0.04545
_D:,2,0.07407
_D:,3,0
_D:,4,0.04
_D:,5,0.1
_D:,6,0
_D:,7,0
_D:,8,0
_D:,9,0
_D:,10,0
_D:,11,0.03846
_D:,12,0.09375
_D:,13,0
_D:,14,0.07407
_D:,15,0.05556
_D:,16,0
_D:,17,0
_D:,18,0.2581
_D:,19,0.1765
